Workbook

Sheet Założenia
A1: Cosmogram — Założenia (edytuj niebieskie pola)
A2: CENY AI ($/1M tokenów)
A3: Haiku 4.5 — input | B3: 1
A4: Haiku 4.5 — output | B4: 5
A5: Sonnet 4.6 — input | B5: 3
A6: Sonnet 4.6 — output | B6: 15
A7: Cache — odczyt (× input) | B7: 0.1
A8: Cache — zapis (× input) | B8: 1.25
A10: KURS / OPŁATY
A11: FX PLN/USD (planistyczny) | B11: 4
A12: FX PLN/USD (spot) | B12: 3.75
A13: VAT | B13: 0.23
A14: Stripe — prowizja % | B14: 0.015
A15: Stripe — opłata stała (zł) | B15: 1
A17: LIMIT CZATU — GŁÓWNY LEWAR
A18: Cap czatu premium (wiad./mc) | B18: 50
A20: PROFILE UŻYCIA (premium / mc) | B20: czat | C20: matche | D20: interpr. dni
A21: Lekki | B21: 15 | C21: 0.3 | D21: 5
A22: Średni | B22: 40 | C22: 1 | D22: 12
A23: Ciężki (czat=cap) | B23: =B18 -> 50 | C23: 3 | D23: 30
A25: RECURRING (premium, /mc)
A26: Horoskop dnia (personalny) | B26: 30
A27: Horoskop tygodnia | B27: 4.3
A28: Prognoza miesiąca | B28: 1
A29: Listy Astrei | B29: 4.3
A31: MIX SUBSKRYBENTÓW (blended)
A32: % lekkich | B32: 0.55 | C32: suma: | D32: =B32+B33+B34 -> 1
A33: % średnich | B33: 0.35
A34: % ciężkich | B34: 0.1
A36: CAPY PREMIUM /mc — ANTY-ABUSE (rekom.)
A37: Kosmogram dorosłego /mc | B37: 5 | C37: licz od UTWORZEŃ,
A38: Kosmogram dziecka /mc | B38: 5 | C38: nie aktywnych rekordów.
A39: Cosmo Match /mc | B39: 5 | C39: Sonnet drogi → 5, nie 10.

Sheet Koszt jednostkowy
A1: Koszt jednostkowy AI per funkcja (USD)
A3: CZAT (Sonnet 4.6 + prompt caching)
B4: prefix (cache) | C4: fresh_in | D4: output | E4: hit-rate | F4: $/wiadomość
A5: Typowa wiadomość | B5: 2700 | C5: 1850 | D5: 500 | E5: 0.8 | F5: =(B5*(E5*Założenia!$B$7+(1-E5)*Założenia!$B$8)*Założenia!$B$5+C5*Założenia!$B$5+D5*Założenia!$B$6)/1000000 -> 0.015723
A6: Ciężka wiadomość (worst) | B6: 2700 | C6: 3500 | D6: 1400 | E6: 0.7 | F6: =(B6*(E6*Założenia!$B$7+(1-E6)*Założenia!$B$8)*Założenia!$B$5+C6*Założenia!$B$5+D6*Założenia!$B$6)/1000000 -> 0.0351045
A8: KOSMOGRAM DOROSŁEGO (Sonnet/moduł + korekta Haiku)
A9: Pozycja | B9: Model | C9: tok_in | D9: tok_out | E9: $/jednostka
A10: Moduł — Sonnet | B10: Sonnet | C10: 2500 | D10: 1200 | E10: =(C10*Założenia!$B$5+D10*Założenia!$B$6)/1000000 -> 0.0255
A11: Moduł — korekta Haiku | B11: Haiku | C11: 1700 | D11: 1200 | E11: =(C11*Założenia!$B$3+D11*Założenia!$B$4)/1000000 -> 0.0077
A12: Moduł RAZEM | E12: =E10+E11 -> 0.0332
A13: Natal FREE (3 moduły) | E13: =3*E12 -> 0.0996
A14: Natal PREMIUM pełny (8 modułów) | E14: =8*E12 -> 0.2656
A16: POZOSTAŁE FUNKCJE
A17: Funkcja | B17: Model | C17: tok_in | D17: tok_out | E17: $/jednostka
A18: Dziecko — Sonnet | B18: Sonnet | C18: 3000 | D18: 4000 | E18: =(C18*Założenia!$B$5+D18*Założenia!$B$6)/1000000 -> 0.069
A19: Dziecko — korekta Haiku | B19: Haiku | C19: 4000 | D19: 4000 | E19: =(C19*Założenia!$B$3+D19*Założenia!$B$4)/1000000 -> 0.024
A20: Dziecko — RAZEM | E20: =E18+E19 -> 0.093
A21: Cosmo Match — interpretacja (Sonnet) | B21: Sonnet | C21: 4000 | D21: 6000 | E21: =(C21*Założenia!$B$5+D21*Założenia!$B$6)/1000000 -> 0.102
A22: Interpretacja dnia | B22: Haiku | C22: 1000 | D22: 400 | E22: =(C22*Założenia!$B$3+D22*Założenia!$B$4)/1000000 -> 0.003
A23: Horoskop dnia (pers.) | B23: Haiku | C23: 1200 | D23: 700 | E23: =(C23*Założenia!$B$3+D23*Założenia!$B$4)/1000000 -> 0.0047
A24: Horoskop tygodnia | B24: Haiku | C24: 1200 | D24: 500 | E24: =(C24*Założenia!$B$3+D24*Założenia!$B$4)/1000000 -> 0.0037
A25: Prognoza miesiąca | B25: Haiku | C25: 1500 | D25: 600 | E25: =(C25*Założenia!$B$3+D25*Założenia!$B$4)/1000000 -> 0.0045
A26: List — Sonnet | B26: Sonnet | C26: 3000 | D26: 1200 | E26: =(C26*Założenia!$B$5+D26*Założenia!$B$6)/1000000 -> 0.027
A27: List — korekta Haiku | B27: Haiku | C27: 1500 | D27: 1200 | E27: =(C27*Założenia!$B$3+D27*Założenia!$B$4)/1000000 -> 0.0075
A28: List Astrei — RAZEM | E28: =E26+E27 -> 0.0345
A30: Match FREE (3/8 modułów — wow) | B30: Sonnet | C30: 4000 | D30: 2250 | E30: =(C30*Założenia!$B$5+D30*Założenia!$B$6)/1000000 -> 0.04575
A31: Dziecko FREE (2/6 modułów — wow) | B31: Sonnet | C31: 3000 | D31: 1340 | E31: =(C31*Założenia!$B$5+D31*Założenia!$B$6)/1000000 -> 0.0291
A33: Free = częściowa interpretacja AI (wow), nie surowe dane. Generuj TYLKO wolne moduły, nie pełną kartę chowaną przed userem.

Sheet Marża
A1: Marża po kosztach AI — scenariusze ceny × profil
A3: KOSZT AI / mc (USD)
A4: Czat — typowa $/wiad | B4: ='Koszt jednostkowy'!F5 -> 0.015723
A5: Czat — ciężka $/wiad | B5: ='Koszt jednostkowy'!F6 -> 0.0351045
A6: Match $/szt (premium) | B6: ='Koszt jednostkowy'!E21 -> 0.102
A7: Interpr. dnia $/szt | B7: ='Koszt jednostkowy'!E22 -> 0.003
A8: Recurring $/mc (horoskopy+listy) | B8: =Założenia!B26*'Koszt jednostkowy'!E23+Założenia!B27*'Koszt jednostkowy'!E24+Założenia!B28*'Koszt jednostkowy'!E25+Założenia!B29*'Koszt jednostkowy'!E28 -> 0.30976
A10: AI/mc — Lekki | B10: =Założenia!B21*$B$4+Założenia!C21*$B$6+Założenia!D21*$B$7+$B$8 -> 0.591205
A11: AI/mc — Średni | B11: =Założenia!B22*$B$4+Założenia!C22*$B$6+Założenia!D22*$B$7+$B$8 -> 1.07668
A12: AI/mc — Ciężki@cap | B12: =Założenia!B23*$B$5+Założenia!C23*$B$6+Założenia!D23*$B$7+$B$8 -> 2.460985
A13: AI/mc — Blended (natal one-time, poza mc) | B13: =Założenia!B32*B10+Założenia!B33*B11+Założenia!B34*B12 -> 0.94809925
A14: AI/mc — PEŁEN ABUSE (capy 5/5/5) | B14: =Założenia!B18*$B$5+Założenia!B37*'Koszt jednostkowy'!E14+Założenia!B38*'Koszt jednostkowy'!E20+Założenia!B39*'Koszt jednostkowy'!E21+Założenia!D23*$B$7+$B$8 -> 4.457985
A16: PRZYCHÓD NETTO /mc (po VAT + Stripe)
A17: Plan | B17: brutto zł | C17: typ | D17: netto zł/mc | E17: netto $/mc (plan) | F17: netto $/mc (spot)
A18: Miesięczny 19,99 zł | B18: 19.99 | C18: mc | D18: =B18/(1+Założenia!B13)-(Założenia!B14*B18+Założenia!B15) -> 14.952183 | E18: =D18/Założenia!B11 -> 3.7380456 | F18: =D18/Założenia!B12 -> 3.9872487
A19: Miesięczny 24,99 zł | B19: 24.99 | C19: mc | D19: =B19/(1+Założenia!B13)-(Założenia!B14*B19+Założenia!B15) -> 18.942223 | E19: =D19/Założenia!B11 -> 4.7355558 | F19: =D19/Założenia!B12 -> 5.0512595
A20: Roczny 179 zł | B20: 179 | C20: rok | D20: =(B20/(1+Założenia!B13)-(Założenia!B14*B20+Założenia!B15))/12 -> 11.820288 | E20: =D20/Założenia!B11 -> 2.955072 | F20: =D20/Założenia!B12 -> 3.1520768
A21: Roczny 199 zł | B21: 199 | C21: rok | D21: =(B21/(1+Założenia!B13)-(Założenia!B14*B21+Założenia!B15))/12 -> 13.150301 | E21: =D21/Założenia!B11 -> 3.2875754 | F21: =D21/Założenia!B12 -> 3.5067471
A22: Roczny 219 zł | B22: 219 | C22: rok | D22: =(B22/(1+Założenia!B13)-(Założenia!B14*B22+Założenia!B15))/12 -> 14.480315 | E22: =D22/Założenia!B11 -> 3.6200788 | F22: =D22/Założenia!B12 -> 3.8614173
A25: MARŻA = (netto − AI) / netto [FX planistyczny]
A26: Plan | B26: Lekki | C26: Średni | D26: Ciężki@cap | E26: BLENDED
A27: 19,99 | B27: =($E$18-$B$10)/$E$18 -> 0.84184115 | C27: =($E$18-$B$11)/$E$18 -> 0.71196713 | D27: =($E$18-$B$12)/$E$18 -> 0.34163859 | E27: =($E$18-$B$13)/$E$18 -> 0.74636499
A28: 24,99 | B28: =($E$19-$B$10)/$E$19 -> 0.87515615 | C28: =($E$19-$B$11)/$E$19 -> 0.77263915 | D28: =($E$19-$B$12)/$E$19 -> 0.4803176 | E28: =($E$19-$B$13)/$E$19 -> 0.79979135
A29: 179/rok | B29: =($E$20-$B$10)/$E$20 -> 0.7999355 | C29: =($E$20-$B$11)/$E$20 -> 0.63565016 | D29: =($E$20-$B$12)/$E$20 -> 0.16719964 | E29: =($E$20-$B$13)/$E$20 -> 0.67916205
A30: 199/rok | B30: =($E$21-$B$10)/$E$21 -> 0.8201699 | C30: =($E$21-$B$11)/$E$21 -> 0.67250028 | D30: =($E$21-$B$12)/$E$21 -> 0.25142857 | E30: =($E$21-$B$13)/$E$21 -> 0.7116114
A31: 219/rok | B31: =($E$22-$B$10)/$E$22 -> 0.83668725 | C31: =($E$22-$B$11)/$E$22 -> 0.70258106 | D31: =($E$22-$B$12)/$E$22 -> 0.32018468 | E31: =($E$22-$B$13)/$E$22 -> 0.73809983
A34: MARŻA @24,99 przy pełnym abuse (capy 5/5/5): | E34: =($E$19-$B$14)/$E$19 -> 0.058614195
A36: KOSZT FREE usera (one-time, po fixie leaków): | B36: ='Koszt jednostkowy'!E13+'Koszt jednostkowy'!E30+'Koszt jednostkowy'!E31+3*'Koszt jednostkowy'!F5+'Koszt jednostkowy'!E28+'Koszt jednostkowy'!E22 -> 0.259119
A37: Składniki: natal 3/8 + match 3/8 + dziecko 2/6 + 3 czaty + list + dzień (1× każdy, limit serwerowy).

Sheet Free vs Premium
A1: Plan FREE vs PREMIUM — free = częściowy wow interpretacji
A2: Funkcja | B2: FREE (częściowy wow AI = hook) | C2: PREMIUM (24,99/mc · 199/rok) | D2: Koszt / FIX w kodzie
A3: Kosmogram dorosłego | B3: 1 kosmogram własny: 3 moduły (Rdzeń, Supermoce, Dziecko) na Sonnecie + share. 5 modułów zablokowanych z widocznymi tytułami = hook | C3: Pełne 8 modułów (Miłość, Kariera, Cienie, Korzenie, Cel) + kosmogramy innych do 5/mc | D3: Free ~$0,10 (akwizycja). OK — split modułowy już w kodzie
A4: Kosmogram dziecka | B4: 1 dziecko: 2/6 modułów interpretacji (kim jest + potrzeby emocjonalne) = wow dla rodzica. 4 moduły zablokowane | C4: Pełne 6 modułów (Sonnet), biblioteka, do 5/mc | D4: Free ~$0,04 (2 mod). FIX: /api/ai-child generuj tylko 2 moduły dla free + premium-gate reszty + limit 1 (dziś: brak gatowania)
A5: Cosmo Match | B5: 1 match: 3/8 modułów interpretacji (Ogólne + Chemia + Komunikacja) = wow. 5 zablokowanych: Wyzwania, Trwałość, Przeznaczenie… | C5: Pełne 8 interpretacji + czat o relacji, do 5/mc | D5: Free ~$0,05 (3 mod). FIX: generuj tylko 3 moduły dla free + limit 1; reszta przy upgrade (dziś: pełny Sonnet bez limitu)
A6: Cosmo Chat | B6: 3 wiadomości łącznie → ściana | C6: 50/mc + paczki 9,99/24,99/199 zł | D6: Sonnet $0,016–0,035/wiad; nadwyżka = paczki
A7: Kalendarz (interpr. dnia) | B7: Siatka + klasy dni (deterministyczne) + 1 interpretacja teaser | C7: Bez limitu (fair-use 60/mc) + Dni Mocy + tydz./mc/rok | D7: Haiku ~$0,003; free ≈ $0
A8: Listy od Astrei | B8: 1 list teaser („Twoja misja”) → ściana | C8: Drip 1/tydzień + e-mail + skrzynka | D8: Sonnet+Haiku ~$0,035/list
A9: Horoskop dnia (e-mail) | B9: Opt-in, wg znaku Słońca | C9: To samo + nagłówek personalny (Dni Mocy) | D9: Per-znak (12/dzień) ≈ $0

Sheet Rekomendacja
A1: Rekomendacja — cena, free→płatne, leaki
A3: CENA — ZATWIERDZONA
A4: Miesięczny / Roczny | B4: 24,99 zł/mc + 199 zł/rok (~33% taniej, lewar retencji P0). Blended marża 80% / 71%.
A5: FREE = CZĘŚCIOWY WOW INTERPRETACJI (cel: max konwersja)
A6: Zasada | B6: Free dostaje PRAWDZIWĄ interpretację AI, ale część (3/8). Surowe dane bez interpretacji = słaby hook. Wow → „to o mnie, chcę więcej”.
A7: Natal | B7: 3/8 modułów free (Rdzeń/Supermoce/Dziecko). 5 najmocniejszych (Miłość/Kariera/Cienie/Korzenie/Cel) płatne.
A8: Match | B8: 3/8 free (Ogólne+Chemia+Komunikacja = wow). Zablokowane: Wyzwania, Trwałość, Przeznaczenie — to po co married płacą.
A9: Dziecko | B9: 2/6 free (kim jest + potrzeby emocjonalne = wow dla rodzica). Reszta płatna.
A10: LEAKI W KODZIE — KRYTYCZNE (zamknąć przed skalą)
A11: Match leak | B11: /api/astro-match pali PEŁNE 8 modułów ($0,10) dla free i bez limitu. FIX: dla free generuj tylko 3 moduły (mniejszy call) + limit 1; reszta przy upgrade.
A12: Dziecko leak | B12: /api/ai-child: brak gatowania i limitu. FIX: dla free generuj tylko 2 moduły + premium-gate reszty + limit serwerowy.
A13: Anty-abuse | B13: Capy 5/mc (natal/dziecko/match) liczone od UTWORZEŃ, nie aktywnych rekordów. + rate-limit na signup (bot zakłada konta).
A14: PACZKI CZATU — DO PRZECENY
A15: Ceny | B15: Small 50 → 12,99 zł · Medium 150 → 34,99 zł (dziś 24,99 = strata) · Large 500 → 199 zł. Tabela niżej.
A16: HIGIENA
A17: Monitoring / legacy | B17: ai_call_logs → tygodniowy koszt/usera. Usuń legacy /api/interpret (Haiku). Horoskop dnia per-znak.
A19: PACZKI CZATU — marża (zł, FX plan)
A20: Pakiet | B20: wiad. | C20: cena brutto | D20: netto zł | E20: marża (typ.) | F20: marża (ciężka)
A21: Small (obecnie) | B21: 50 | C21: 9.99 | D21: =C21/(1+Założenia!$B$13)-(Założenia!$B$14*C21+Założenia!$B$15) -> 6.9721012 | E21: =(D21-B21*'Koszt jednostkowy'!$F$5*Założenia!$B$11)/D21 -> 0.54897385 | F21: =(D21-B21*'Koszt jednostkowy'!$F$6*Założenia!$B$11)/D21 -> -0.0069991497
A22: Medium (obecnie) | B22: 150 | C22: 24.99 | D22: =C22/(1+Założenia!$B$13)-(Założenia!$B$14*C22+Założenia!$B$15) -> 18.942223 | E22: =(D22-B22*'Koszt jednostkowy'!$F$5*Założenia!$B$11)/D22 -> 0.50196976 | F22: =(D22-B22*'Koszt jednostkowy'!$F$6*Założenia!$B$11)/D22 -> -0.11194445
A23: Large (obecnie) | B23: 500 | C23: 199 | D23: =C23/(1+Założenia!$B$13)-(Założenia!$B$14*C23+Założenia!$B$15) -> 157.80362 | E23: =(D23-B23*'Koszt jednostkowy'!$F$5*Założenia!$B$11)/D23 -> 0.800727 | F23: =(D23-B23*'Koszt jednostkowy'!$F$6*Założenia!$B$11)/D23 -> 0.55508625
A24: Medium 24,99 za 150 wiad. = strata przy ciężkim użyciu i podcina sub.
